{"cameraMode":{"drawMode":0,"name":"Shaded","section":"Shading Mode"},"sceneLighting":true,"audioPlay":false,"sceneViewState":{"m_AlwaysRefresh":false,"showFog":true,"showSkybox":true,"showFlares":true,"showImageEffects":true,"showParticleSystems":true,"showVisualEffectGraphs":true,"m_FxEnabled":true},"in2DMode":false,"pivot":{"x":13.182624816894532,"y":3.223339319229126,"z":0.8646023273468018},"rotation":{"x":-0.1051238477230072,"y":0.0065885926596820358,"z":-0.0005000766250304878,"w":-0.994530439376831},"size":10.294354438781739,"orthographic":false}