{"cameraMode":{"drawMode":0,"name":"Shaded","section":"Shading Mode"},"sceneLighting":false,"audioPlay":false,"sceneViewState":{"m_AlwaysRefresh":false,"showFog":true,"showSkybox":false,"showFlares":true,"showImageEffects":true,"showParticleSystems":true,"showVisualEffectGraphs":true,"m_FxEnabled":true},"in2DMode":false,"pivot":{"x":22.93768882751465,"y":-2.7360715866088869,"z":-5.737140655517578},"rotation":{"x":0.006635362282395363,"y":0.9752752780914307,"z":-0.21891994774341584,"w":0.029560523107647897},"size":4.673318862915039,"orthographic":false}